question,answer
What services does Novanectar offer?,"We provide IT consulting, managed services, cloud solutions, and cybersecurity."
How do I contact support?,You can contact support by emailing novanectarservices012024@gmail.com or calling +918979891703.
What is your pricing structure?,Our pricing depends on the services required. Contact us for a personalized quote.
Can you provide case studies?,"Yes, please visit our website or contact our team for detailed case studies."
What industries does Novanectar specialize in?,"We specialize in industries such as healthcare, finance, education, retail, and technology."
Do you provide cloud migration services?,"Yes, we assist businesses in migrating to cloud platforms."
Can you help with cybersecurity assessments?,Absolutely. We offer comprehensive cybersecurity assessments to identify vulnerabilities and recommend solutions.
Do you offer 24/7 IT support?,"Yes, we provide round-the-clock IT support to ensure your operations run smoothly at all times."
Do you have a free trial for your services?,"Yes, we offer a free consultation and demo for selected services. Contact us to learn more."
What is your refund policy?,"Refunds are processed on a case-by-case basis, depending on the terms of your service agreement."
Are there any discounts for long-term contracts?,"Yes, we offer discounts for contracts exceeding 12 months. Contact us for details."
What should I do if my system crashes?,Contact our support team immediately at novanectarservices012024@gmail.com or call our hotline for urgent assistance.
Do you provide training for employees?,"Yes, we offer IT training programs tailored to your teamâ€™s needs."
Can you develop custom software solutions?,"Yes, we specialize in developing custom software tailored to your business requirements."
How do you approach IT consulting projects?,"We start with an in-depth analysis of your business needs, followed by strategy development and implementation."
How can I reach your sales team?,You can email novanectarservices012024@gmail.com or call +918979891703 to get in touch with our sales representatives.
What are your support hours?,Our support team is available 24/7 to assist you.
Hello,Hello! How can I assist you today?
Hi,Hi there! How may I help you?
Hey,Hey! What can I do for you today?
Good morning,Good morning! How can I help?
Good afternoon,Good afternoon! What do you need assistance with?
Good evening,Good evening! How may I assist you today?
Good night,Good night! Feel free to ask me anything before you go.
How are you?,"I'm just a chatbot, but I'm always here to help!"
What's up?,Not much! Just here to assist you. How can I help?
Is my data secure with NovaNectar?,"Yes, we follow industry best practices and use encryption to keep your data safe."
Do you comply with GDPR?,"Yes, we ensure GDPR compliance for all our services."
Can you integrate AI into my website?,"Absolutely! We can integrate AI chatbots, recommendation systems, and more into your website."
Do you provide API development?,"Yes, we build REST and GraphQL APIs for seamless integration with your apps."
Can you migrate my app to the cloud?,"Yes, we offer cloud migration services for AWS, Google Cloud, and Azure."
How much do your services cost?,Our pricing depends on the project. Contact us for a custom quote!
Do you offer free consultations?,Yes! We provide free initial consultations to understand your requirements.
What payment methods do you accept?,"We accept credit/debit cards, PayPal, and bank transfers."
Do you have any discounts?,We occasionally offer discounts on long-term projects. Contact us for details!
How do I create an account?,You can sign up on our website by clicking the 'Register' button and filling in your details.
I forgot my password,You can reset your password by clicking 'Forgot Password' on the login page.
Do you provide 24/7 support?,"Yes, NovaNectar offers 24/7 customer support to assist you anytime."
Who are you?,"I'm NovaNectar's chatbot, here to help you with your queries!"
What is NovaNectar?,"NovaNectar is an IT Services and Consulting company specializing in AI, cloud solutions, and software development."
Where is NovaNectar located?,"NovaNectar is based in [Your Location], but we provide global services remotely."
How can I contact NovaNectar?,You can reach us at support@novanectar.com or call us at +1-234-567-890.
When was NovaNectar founded?,NovaNectar was founded in [Year] to provide innovative IT solutions.
What industries do you serve?,"We work with industries like healthcare, finance, e-commerce, and more."
What services do you offer?,"We offer AI solutions, cloud computing, mobile and web development, and IT consulting."
Do you provide AI development?,"Yes, we develop AI models, chatbots, and recommendation systems."
Can you build mobile apps?,"Yes, we create iOS and Android apps using React Native and Flutter."
Do you offer cloud migration?,"Yes, we provide cloud migration services for AWS, Google Cloud, and Azure."
Do you provide cybersecurity services?,"Yes, we offer penetration testing, vulnerability assessments, and more."
What programming languages do you use?,"We specialize in Python, JavaScript, Java, C++, and more."
What frameworks do you work with?,"We use React, Angular, Node.js, Flask, Django, and many more!"
Do you work with machine learning?,Yes! We build machine learning models for various applications.
Can you develop blockchain applications?,"Yes, we provide blockchain development services, including smart contracts."
Are you hiring?,Yes! Check our Careers page for job openings at NovaNectar.
How can I apply for a job?,You can apply by sending your resume to careers@novanectar.com.
Do you offer internships?,"Yes, we have internship programs. Contact us for details!"
Tell me a joke,Sure! Why don't programmers like nature? Because it has too many bugs!
Who is your creator?,I was created by the developers at NovaNectar to assist users like you!
What is AI?,"AI, or Artificial Intelligence, is a branch of computer science that enables machines to learn and make decisions."
What is the meaning of life?,That's a deep question! But I'm here to help with IT-related queries. ðŸ˜‰
How long does a project take?,Project timelines vary based on complexity. Contact us for an estimate!
Do you offer training services?,"Yes, we provide IT training in various domains."
Can you develop e-commerce platforms?,Yes! We create feature-rich e-commerce solutions tailored to your needs.
How do I use this chatbot?,"Simply type your question, and I'll do my best to assist you!"
Can you understand different languages?,"Currently, I primarily understand English, but multi-language support is coming soon!"
Are you human?,"No, I'm an AI chatbot built to assist you with your questions!"
